projet_id24;blob_production_id;titre_production
2;21;"Réunion de lancement"
2;22;"2ème réunion plénière"
2;23;"Réponse à l'appel à projet ASOSC "
2;26;"1ère réunion intermédiaire"
2;27;"2ème réunion intermédiaire"
2;28;"3ème réunion plénière"
2;29;"Elaboration de scénarios avec le CEMO"
2;30;"3ème réunion intermédiaire"
2;31;"Elaboration de scénarios avec le PNRA"
2;36;"Rapport de fin de 1ère étape"
2;48;"Réunion de travail jeu de rôles océanopolis"
2;51;"Réunion jeu de rôles océanopolis"
2;56;"Programmation 2009"
2;58;"Réunion jeu de rôles Ouessant"
2;59;"Réunion jeu de rôles géoarchi"
2;63;"Notes d'observation R. Mathevet"
2;64;"Bilan partie de JdR Scolaire à Ouessant"
2;65;"Bilan partie de JdR Scolaire à Brest"
2;84;"Rapport Final"
2;89;"Réunion plénière finale"
2;112;"Cahier des charges du JdR Océanopolis"
7;53;"Réunion de lancement / Compte-rendu"
7;95;"Atelier IG et Réglementation maritime - Compte rendu"
9;55;"Comité de suivi de thèse / Compte rendu 1"
15;69;"Réponse à l'appel à proposition Liteau"
15;71;"AG de lancement"
15;72;Rréunion 1 du groupe « modélisation »"
15;131;"Réunion scientifique à mi-parcours"
15;138;"Rapport intermédiaire"
15;168;"Avis du conseil scientifique"
15;169;"Réunion plénière 3"
15;182;"Réunion ateliers et valorisation"
16;79;"Note de cadrage méthodologique"
16;80;"Convention d'étude GEOMER/UICN"
22;140;"CR de réunion tâche 6"
22;141;"Rapport avancement ANR T0+6"
22;146;"CR Réunion Mise en place site Web "
22;151;"CR Reunion Methodologie Entretien semi directif 18 octobre 2011"
22;176;"CR Réunion tâche 6 Guide méthodo et Glossaire"
22;177;"CR Réunion intermédiaire tâche 4 "
22;178;"CR Réunion plénière 30 mars 2012"
22;179;"Diaporama Réunion plénière 30 mars 2012"
22;188;"Rapport avancement ANR T0+18mois"
22;189;"Rapport avancement détaillé à mi parcours "
22;196;"CR Réunion de cadrage 18 juin 2013"
22;197;"CR Réunion plénière 3 avril 2013"
22;198;"CR Réunion Comité de suivi 21 juin 2012"
22;200;"Diaporama Comité de Suivi 21 juin 2012"
22;201;"CR Réunion Tache 4 26 novembre 2012"
22;202;"fichier test"
23;166;"Compte-rendu de première mission, mars 2012"
23;171;"Dossier de candidature à l’appel d’offre de la Fondation de France "
23;172;"Compte-rendu de réunion plénière, avril 2012"
23;173;"Compte-rendu de réunion botanique, avril 2012"
23;175;"Compte-rendu de réunion, juin 2012"
23;0;"Compte-rendu de réunion, octobre 2012"
23;194;"Rapport sur l’avancement du projet"
23;206;"Compte-rendu de la réunion de travail sur l'évolution des paysages et de la biodiversité en fonction des activités humaines à l'échelle du site Natura 2000 de la Presqu'île de Crozon"
25;186;"Réunion 1, Lancement du projet "
25;187;"Réunion 2, Organisation du projet "
25;213;"CARtographie des Activités HUmaines en mer d’Iroise - Rapport intermédiaire"
26;190;"Réponse à l'AAP UEB C@mpus"
26;192;"Compte-rendu de réunion préparatoire au lancement du projet"
26;195;"Compte-rendu de 1ère réunion"
26;207;"Compte-rendu de 2nde réunion"
26;210;"Rencontre avec Yvan Lebras - projet e-Biogenouest"
26;212;"2nd comité de pilotage"
