projet_id24;blob_production_id;titre_production;date_production
2;21;"Réunion de lancement";2007-12-18
2;22;"2ème réunion plénière";2008-02-01
2;23;"Réponse à l'appel à projet ASOSC ";2008-01-15
2;26;"1ère réunion intermédiaire";2008-01-17
2;27;"2ème réunion intermédiaire";2008-04-28
2;28;"3ème réunion plénière";2008-12-09
2;29;"Elaboration de scénarios avec le CEMO";2008-05-14
2;30;"3ème réunion intermédiaire";2008-09-22
2;31;"Elaboration de scénarios avec le PNRA";2008-05-14
2;36;"Rapport de fin de 1ère étape";2008-12-30
2;48;"Réunion de travail jeu de rôles océanopolis";2009-01-12
2;51;"Réunion jeu de rôles océanopolis";2009-01-22
2;56;"programmation 2009";2009-03-12
2;58;"Réunion jeu de rôles Ouessant";2009-05-04
2;59;"Réunion jeu de rôles géoarchi";2009-06-08
2;63;"Notes d'observation R. Mathevet";2009-09-03
2;64;"Bilan partie de JdR Scolaire à Ouessant";2009-06-23
2;65;"Bilan partie de JdR Scolaire à Brest";2009-06-05
2;84;"Rapport Final";2010-01-01
2;89;"Réunion plénière finale";2010-02-08
2;112;"Cahier des charges du JdR Océanopolis";2010-11-15
7;53;"Réunion de lancement / Compte-rendu";2009-01-21
7;95;"Atelier IG et Réglementation maritime - Compte rendu";2010-06-16
9;55;"Comité de suivi de thèse / Compte rendu 1";2009-01-30
15;69;"Réponse à l'appel à proposition Liteau";2009-02-16
15;71;"AG de lancement";2010-01-05
15;72;"Réunion 1 du groupe « modélisation »";2010-01-14
15;131;"Réunion scientifique à mi-parcours";2011-07-08
15;138;"Rapport intermédiaire";2011-05-16
15;168;"Avis du conseil scientifique";2011-09-01
15;169;"Réunion plénière 3";2012-04-05
15;182;"Réunion ateliers et valorisation";2012-10-03
16;79;"Note de cadrage méthodologique";2009-08-01
16;80;"Convention d'étude GEOMER/UICN";2009-12-01
22;140;"CR de réunion tâche 6";2011-07-07
22;141;"Rapport avancement ANR T0+6";2011-08-01
22;146;"CR Réunion Mise en place site Web ";2011-10-06
22;151;"CR Reunion Methodologie Entretien semi directif 18 octobre 2011";2011-10-21
22;176;"CR Réunion tâche 6 Guide méthodo et Glossaire";2012-05-25
22;177;"CR Réunion intermédiaire tâche 4 ";2012-01-19
22;178;"CR Réunion plénière 30 mars 2012";2012-04-06
22;179;"Diaporama Réunion plénière 30 mars 2012";2012-03-30
22;188;"Rapport avancement ANR T0+18mois";2012-09-28
22;189;"Rapport avancement détaillé à mi parcours ";2012-10-01
22;196;"CR Réunion de cadrage 18 juin 2013";2013-06-20
22;197;"CR Réunion plénière 3 avril 2013";2013-04-08
22;198;"CR Réunion Comité de suivi 21 juin 2012";2012-06-25
22;200;"Diaporama Comité de Suivi 21 juin 2012";2012-06-25
22;201;"CR Réunion Tache 4 26 novembre 2012";2012-11-28
22;202;"Fichier test";2013-07-01
23;166;"Compte-rendu de première mission, mars 2012";2012-03-17
23;171;"Dossier de candidature à l’appel d’offre de la Fondation de France ";2011-09-01
23;172;"Compte-rendu de réunion plénière, avril 2012";2012-04-06
23;173;"Compte-rendu de réunion botanique, avril 2012";2012-04-18
23;175;"Compte-rendu de réunion, juin 2012";2012-06-08
23;0;"Compte-rendu de réunion, octobre 2012";2012-10-23
23;194;"Rapport sur l’avancement du projet";2013-02-25
23;206;"Compte-rendu de la réunion de travail sur l'évolution des paysages et de la biodiversité en fonction des activités humaines à l'échelle du site Natura 2000 de la Presqu'île de Crozon";2013-09-27
25;186;"Réunion 1, Lancement du projet ";2012-01-31
25;187;"Réunion 2, Organisation du projet ";2012-03-13
25;213;"CARtographie des Activités HUmaines en mer d’Iroise - Rapport intermédiaire";2012-12-25
26;190;"Réponse à l'AAP UEB C@mpus";2012-10-31
26;192;"Compte-rendu de réunion préparatoire au lancement du projet";2013-02-01
26;195;"Compte-rendu de 1ère réunion";2013-03-11
26;207;"Compte-rendu de 2nde réunion";2013-09-10
26;210;"Rencontre avec Yvan Lebras - projet e-Biogenouest";2013-01-31
26;212;"2nd comité de pilotage";2013-10-14
